{
    "parent": "minecraft:recipes/root",
    "criteria": {
      "has_eggs": {
        "conditions": {
          "items": [
            {
              "items": "#minecraft:eggs"
            }
          ]
        },
        "trigger": "minecraft:inventory_changed"
      },
      "has_the_recipe": {
        "conditions": {
          "recipe": "expension:fried_egg_from_smoking"
        },
        "trigger": "minecraft:recipe_unlocked"
      }
    },
    "requirements": [
      [
        "has_the_recipe",
        "has_eggs"
      ]
    ],
    "rewards": {
      "recipes": [
        "expension:fried_egg_from_smoking"
      ]
    }
  }