{
    "condition": "any_of",
    "terms": [
        {
            "condition": "entity_properties",
            "entity": "this",
            "predicate": {
                "equipment": {
                    "offhand": {
                        "predicates": {
                            "custom_data": {
                                "id": "expension:wind_blade"
                            }
                        }
                    }
                }
            }
        }
    ]
}