{
    "type": "crafting_shapeless",
    "category": "equipment",
    "group": "expension:fire_quartz",
    "ingredients": [
        "amethyst_shard",
        "dragon_breath",
        "torchflower",
        "rotten_flesh"
    ],
    "result": {
        "id": "recovery_compass",
        "components": {
          "custom_data": {
            "custom_item": true,
            "id": "expension:fire_quartz",
            "target": "creeper"
          },
          "item_model": "expension:fire_quartz",
          "item_name": {
            "translate": "item.expension.fire_quartz/creeper"
          },
          "consumable": {
            "animation": "bow",
            "consume_seconds": 1,
            "has_consume_particles": false,
            "sound": "block.amethyst_block.chime"
          },
          "use_cooldown": {
            "seconds": 5,
            "cooldown_group": "expension:fire_quartz"
          },
          "enchantment_glint_override": true,
          "max_stack_size": 16,
          "rarity": "uncommon"
        }
    }
}