{
    "criteria": {
        "expension:fire_quartz/phantom": {
            "trigger": "consume_item",
            "conditions": {
                "item": {
                    "predicates": {
                        "custom_data": {
                            "id": "expension:fire_quartz",
                            "target": "phantom"
                        }
                    }
                }
            }
        }
    },
    "rewards": {
        "function": "expension:fire_quartz/phantom"
    }
}