{
    "criteria": {
        "expension:frost_bow/blocked": {
            "trigger": "entity_hurt_player",
            "conditions": {
                "damage": {
                    "blocked": true,
                    "type": {
                        "direct_entity": {
                            "nbt": "{Tags:[\"frost_bow_arrow\"]}"
                        }
                    }
                }
            }
        }
    },
    "rewards": {
        "function": "expension:frost_bow/blocked"
    }
}