{
    "type": "minecraft:smoking",
    "category": "food",
    "cookingtime": 100,
    "experience": 0.35,
    "ingredient": "minecraft:baked_potato",
    "result": {
      "id": "minecraft:baked_potato",
      "components": {
        "custom_data": {
          "custom_item": true,
          "id": "expension:french_fries"
        },
        "item_model": "expension:french_fries",
        "item_name": {
          "translate": "item.expension.french_fries"
        },
        "food": {
          "nutrition": 5,
          "saturation": 8,
          "can_always_eat": false
        }
      }
    }
  }