{
    "type": "minecraft:smoking",
    "category": "food",
    "cookingtime": 100,
    "experience": 0.35,
    "ingredient": "#minecraft:eggs",
    "result": {
      "id": "minecraft:cooked_chicken",
      "components": {
        "custom_data": {
          "custom_item": true,
          "id": "expension:fried_egg"
        },
        "item_model": "expension:fried_egg",
        "item_name": {
          "translate": "item.expension.fried_egg"
        },
        "food": {
          "nutrition": 2,
          "saturation": 3.4,
          "can_always_eat": false
        }
      }
    }
  }