{
    "type": "minecraft:crafting_shaped",
    "category": "misc",
    "pattern": [
      "###",
      "#X#",
      "###"
    ],
    "key": {
      "#": "minecraft:gold_ingot",
      "X": "baked_potato"
    },
    "result": {
        "id": "minecraft:golden_apple",
        "components": {
          "custom_data": {
            "custom_item": true,
            "id": "expension:golden_baked_potato"
          },
          "item_model": "expension:golden_baked_potato",
          "item_name": {
            "translate": "item.expension.golden_baked_potato"
          },
          "food": {
            "nutrition": 5,
            "saturation": 12,
            "can_always_eat": true
          },
          "consumable": {
            "on_consume_effects": [
              {
                "type": "apply_effects",
                "effects": [
                  {
                    "id": "luck",
                    "duration": 2400
                  },
                  {
                    "id": "haste",
                    "duration": 2400
                  }
                ]
              }
            ]
          }
        }
    }
}