{
    "type": "crafting_shapeless",
    "category": "misc",
    "ingredients": [
        "minecraft:cake"
    ],
    "result": {
        "id": "minecraft:pumpkin_pie",
        "components": {
            "custom_data": {
              "custom_item": true,
              "id": "expension:slice_of_cake"
            },
            "item_model": "expension:slice_of_cake",
            "item_name": {
              "translate": "item.expension.slice_of_cake"
            },
            "food": {
              "nutrition": 3,
              "saturation": 0.6,
              "can_always_eat": false
            },
            "max_stack_size": 16
          },
          "count": 4
    }
}