{
    "type": "crafting_shapeless",
    "group": "blended_juice",
    "ingredients": [
        "minecraft:sweet_berries",
        "#expension:fruits",
        "#expension:fruits",
        "#expension:fruits",
        [
          "minecraft:apple",
          "minecraft:chorus_fruit",
          "minecraft:glow_berries",
          "minecraft:melon_slice"
        ],
        "minecraft:glass_bottle",
        "minecraft:sugar"
    ],
    "result": {
        "id": "potion",
        "components": {
            "custom_data": {
              "custom_item": true,
              "id": "expension:blended_juice",
              "ingredients": 5,
              "ice": false
            },
            "lore": [
              {
                "translate": "item.expension.blended_juice_wsrt"
              }
            ],
            "consumable": {
              "animation": "drink",
              "has_consume_particles": false,
              "sound": "entity.generic.drink"
            },
            "potion_contents": {
              "custom_color": 16754720,
              "custom_name": "blended_juice",
              "custom_effects": [
                {
                  "id": "regeneration",
                  "duration": 220,
                  "show_particles": false
                }
              ]
            },
            "food": {
              "nutrition": 0,
              "saturation": 11,
              "can_always_eat": true
            }
        }
    }
}