{
    "anvil_cost": 4,
    "description": {
      "translate": "enchantment.expension.bloodthirst"
    },
    "effects": {
        "minecraft:post_attack": [
          {
            "affected": "attacker",
            "enchanted": "attacker",
            "effect": {
                "type": "apply_mob_effect",
                "to_apply": "regeneration",
                "min_amplifier": 1,
                "max_amplifier": 1,
                "min_duration": {
                    "type": "linear",
                    "base": 1,
                    "per_level_above_first": 1
                },
                "max_duration": {
                    "type": "linear",
                    "base": 1,
                    "per_level_above_first": 1
                }
            },
            "requirements": {
              "condition": "damage_source_properties",
              "predicate": {
                "is_direct": true
              }
            }
          }
        ]
    },
    "max_cost": {
      "base": 55,
      "per_level_above_first": 20
    },
    "max_level": 2,
    "min_cost": {
      "base": 32,
      "per_level_above_first": 9
    },
    "primary_items": "#minecraft:axes",
    "slots": [
      "mainhand"
    ],
    "supported_items": "#minecraft:axes",
    "weight": 2
  }