{
    "anvil_cost": 4,
    "description": {
      "translate": "enchantment.expension.harvest"
    },
    "effects": {
        "hit_block": [
            {
                "effect": {
                    "type": "minecraft:run_function",
                    "function": "expension:harvest"
                },
                "requirements": [
                  {
                    "condition": "any_of",
                    "terms": [
                      {
                        "condition": "block_state_property",
                        "block": "beetroots",
                        "properties": {
                          "age": "3"
                        }
                      },
                      {
                        "condition": "block_state_property",
                        "block": "carrots",
                        "properties": {
                          "age": "7"
                        }
                      },
                      {
                        "condition": "block_state_property",
                        "block": "potatoes",
                        "properties": {
                          "age": "7"
                        }
                      },
                      {
                        "condition": "block_state_property",
                        "block": "wheat",
                        "properties": {
                          "age": "7"
                        }
                      }
                    ]
                  }
                ]
            }
        ]
    },
    "max_cost": {
      "base": 75,
      "per_level_above_first": 25
    },
    "max_level": 1,
    "min_cost": {
      "base": 25,
      "per_level_above_first": 25
    },
    "primary_items": "#minecraft:hoes",
    "supported_items": "#minecraft:hoes",
    "slots": [
        "mainhand"
    ],
    "weight": 1
  }