{
  "anvil_cost": 4,
  "description": {
    "translate": "enchantment.expension.long_reach"
  },
  "effects": {
    "minecraft:attributes": [
      {
        "amount": {
          "type": "minecraft:linear",
          "base": 1,
          "per_level_above_first": 1
        },
        "attribute": "minecraft:block_interaction_range",
        "id": "expension:enchantment.long_reach",
        "operation": "add_value"
      }
    ]
  },
  "max_cost": {
    "base": 65,
    "per_level_above_first": 9
  },
  "max_level": 3,
  "min_cost": {
    "base": 15,
    "per_level_above_first": 9
  },
  "slots": [
    "mainhand"
  ],
  "supported_items": "#minecraft:enchantable/mining_loot",
  "weight": 2
}