{
    "anvil_cost": 4,
    "description": {
      "translate": "enchantment.expension.speed_charm"
    },
    "effects": {
      "minecraft:attributes": [
        {
          "amount": {
            "type": "minecraft:linear",
            "base": 0.15,
            "per_level_above_first": 0.1
          },
          "attribute": "minecraft:movement_speed",
          "id": "expension:enchantment.speed_charm",
          "operation": "add_multiplied_total"
        }
      ]
    },
    "max_cost": {
      "base": 75,
      "per_level_above_first": 25
    },
    "max_level": 1,
    "min_cost": {
      "base": 25,
      "per_level_above_first": 25
    },
    "slots": [
      "hand"
    ],
    "supported_items": "minecraft:totem_of_undying",
    "weight": 2
  }