{
    "anvil_cost": 4,
    "description": {
      "translate": "enchantment.expension.steadiness"
    },
    "effects": {
        "minecraft:attributes": [
          {
            "amount": {
              "type": "minecraft:linear",
              "base": 0.1,
              "per_level_above_first": 0.1
            },
            "attribute": "minecraft:knockback_resistance",
            "id": "expension:enchantment.steadiness",
            "operation": "add_value"
          }
        ] 
    },
    "max_cost": {
      "base": 57,
      "per_level_above_first": 20
    },
    "max_level": 2,
    "min_cost": {
      "base": 32,
      "per_level_above_first": 20
    },
    "slots": [
      "hand"
    ],
    "supported_items": "minecraft:shield",
    "weight": 1
  }