{
  "pools": [
    {
      "entries": [
        {
          "type": "item",
          "name": "recovery_compass",
          "functions": [
            {
              "function": "set_components",
              "components": {
                "custom_data": {
                  "custom_item": true,
                  "id": "expension:fire_quartz",
                  "target": "creeper"
                },
                "item_model": "expension:fire_quartz",
                "item_name": {
                  "translate": "item.expension.fire_quartz/creeper"
                },
                "consumable": {
                  "animation": "bow",
                  "consume_seconds": 1,
                  "has_consume_particles": false,
                  "sound": "block.amethyst_block.chime"
                },
                "use_cooldown": {
                  "seconds": 5,
                  "cooldown_group": "expension:fire_quartz"
                },
                "enchantment_glint_override": true,
                "max_stack_size": 16,
                "rarity": "uncommon"
              }
            }
          ]
        }
      ],
      "rolls": 1
    }
  ]
}