{
    "condition": "entity_properties",
    "entity": "this",
    "predicate": {
        "equipment": {
            "mainhand": {
                "predicates": {
                    "custom_data": {
                        "id": "expension:inferno_whip"
                    },
                    "enchantments": [
                        {
                            "enchantments": "fire_aspect",
                            "levels": 2
                        }
                    ]
                }
            }
        }
    }
}