{
    "parent": "minecraft:recipes/root",
    "criteria": {
      "has_potion": {
        "conditions": {
          "items": [
            {
              "items": "minecraft:amethyst_shard"
            }
          ]
        },
        "trigger": "minecraft:inventory_changed"
      },
      "has_the_recipe": {
        "conditions": {
          "recipe": "expension:recall_potion"
        },
        "trigger": "minecraft:recipe_unlocked"
      }
    },
    "requirements": [
      [
        "has_the_recipe",
        "has_potion"
      ]
    ],
    "rewards": {
      "recipes": [
        "expension:portal_potion"
      ]
    }
  }