{
    "pools": [
      {
        "entries": [
          {
            "type": "item",
            "name": "baked_potato",
            "functions": [
              {
                "function": "set_components",
                "components": {
                  "custom_data": {
                    "custom_item": true,
                    "id": "expension:french_fries"
                  },
                  "item_model": "expension:french_fries",
                  "item_name": {
                    "translate": "item.expension.french_fries"
                  },
                  "food": {
                    "nutrition": 5,
                    "saturation": 8,
                    "can_always_eat": false
                  }
                }
              }
            ]
          }
        ],
        "rolls": 1
      }
    ]
  }