{
    "pools": [
      {
        "entries": [
          {
            "type": "item",
            "name": "minecraft:cooked_chicken",
            "functions": [
              {
                "function": "set_components",
                "components": {
                  "custom_data": {
                    "custom_item": true,
                    "id": "expension:fried_egg"
                  },
                  "item_model": "expension:fried_egg",
                  "item_name": {
                    "translate": "item.expension.fried_egg"
                  },
                  "food": {
                    "nutrition": 2,
                    "saturation": 3.4,
                    "can_always_eat": false
                  }
                }
              }
            ]
          }
        ],
        "rolls": 1
      }
    ]
  }