{
    "pools": [
      {
        "entries": [
          {
            "type": "item",
            "name": "bow",
            "functions": [
              {
                "function": "set_components",
                "components": {
                  "custom_data": {
                    "custom_item": true,
                    "id": "expension:frost_bow"
                  },
                  "item_model": "expension:frost_bow",
                  "item_name": {
                    "translate": "item.expension.frost_bow"
                  },
                  "enchantable": {
                    "value": 15
                  },
                  "tool": {
                    "rules": [
                      {
                        "blocks": "#minecraft:ice",
                        "correct_for_drops": false,
                        "speed": 5
                      }
                    ],
                    "damage_per_block": 0
                  },
                  "attribute_modifiers": [
                    {
                      "amount": -0.3,
                      "id": "expension:frost_bow",
                      "operation": "add_multiplied_base",
                      "type": "burning_time",
                      "slot": "hand"
                    }
                  ],
                  "rarity": "epic"
                }
              }
            ]
          }
        ],
        "rolls": 1
      }
    ]
  }