{
    "pools": [
      {
        "entries": [
          {
            "type": "item",
            "name": "netherite_sword",
            "functions": [
              {
                "function": "set_components",
                "components": {
                  "custom_data": {
                    "custom_item": true,
                    "id": "expension:inferno_whip"
                  },
                  "item_model": "expension:inferno_whip",
                  "item_name": {
                    "translate": "item.expension.inferno_whip"
                  },
                  "lore": [
                    {
                      "text": ""
                    },
                    {
                      "translate": "item.expension.inferno_whip.description_1"
                    },
                    {
                      "translate": "item.expension.inferno_whip.description_2"
                    },
                    {
                      "translate": "item.expension.inferno_whip.description_3"
                    },
                    {
                      "translate": "item.expension.inferno_whip.description_4"
                    }
                  ],
                  "tooltip_display": {
                    "hidden_components": [
                      "attribute_modifiers"
                    ]
                  },
                  "minecraft:attribute_modifiers": [
                    {
                      "id": "expension:inferno_whip",
                      "amount": 9,
                      "operation": "add_value",
                      "type": "minecraft:attack_damage",
                      "slot": "mainhand"
                    },
                    {
                      "id": "expension:inferno_whip",
                      "amount": -3,
                      "operation": "add_value",
                      "type": "minecraft:attack_speed",
                      "slot": "mainhand"
                    },
                    {
                      "id": "expension:inferno_whip",
                      "amount": 1,
                      "operation": "add_value",
                      "type": "minecraft:entity_interaction_range",
                      "slot": "mainhand"
                    }
                  ],
                  "weapon": {
                    "item_damage_per_attack": 2
                  },
                  "rarity": "epic"
                }
              }
            ]
          }
        ],
        "rolls": 1
      }
    ]
  }