{
  "pools": [
    {
      "entries": [
        {
          "type": "item",
          "name": "potion",
          "functions": [
            {
              "function": "set_components",
              "components": {
                "custom_data": {
                  "custom_item": true,
                  "id": "expension:portal_potion"
                },
                "item_model": "expension:portal_potion",
                "consumable": {
                  "animation": "drink",
                  "has_consume_particles": false,
                  "sound": "entity.generic.drink"
                },
                "potion_contents": {
                  "custom_color": 13125360,
                  "custom_name": "portal",
                  "custom_effects": [
                    {
                      "id": "weakness",
                      "duration": 100,
                      "show_particles": false
                    }
                  ]
                },
                "enchantment_glint_override": true,
                "max_stack_size": 16
              }
            }
          ]
        }
      ],
      "rolls": 1
    }
  ]
}