{
    "pools": [
      {
        "entries": [
          {
            "type": "item",
            "name": "iron_sword",
            "functions": [
              {
                "function": "set_components",
                "components": {
                  "custom_data": {
                    "custom_item": true,
                    "id": "expension:wind_blade"
                  },
                  "item_model": "expension:wind_blade",
                  "item_name": {
                    "translate": "item.expension.wind_blade"
                  },
                  "lore": [
                    {
                      "text": ""
                    },
                    {
                      "translate": "item.expension.wind_blade.description_1"
                    },
                    {
                      "translate": "item.expension.wind_blade.description_2"
                    },
                    {
                      "translate": "item.expension.wind_blade.description_3"
                    }
                  ],
                  "max_damage": 1561,
                  "enchantable": {
                    "value": 15
                  },
                  "blocks_attacks": {
                    "block_sound": "entity.breeze.hurt",
                    "damage_reductions": [
                      {
                        "base": 1,
                        "factor": 0.5,
                        "horizontal_blocking_angle": 180,
                        "type": "fall"
                      }
                    ],
                    "disable_cooldown_scale": 1,
                    "item_damage": {
                      "base": 3,
                      "factor": 0.5,
                      "threshold": 1
                    }
                  },
                  "attribute_modifiers": [
                    {
                      "amount": 6,
                      "id": "expension:wind_blade",
                      "operation": "add_value",
                      "type": "attack_damage",
                      "slot": "mainhand"
                    },
                    {
                      "amount": -2.3,
                      "id": "expension:wind_blade",
                      "operation": "add_value",
                      "type": "attack_speed",
                      "slot": "mainhand"
                    },
                    {
                      "amount": 0.1,
                      "id": "expension:wind_blade",
                      "operation": "add_multiplied_base",
                      "type": "movement_speed",
                      "slot": "hand"
                    }
                  ],
                  "tooltip_display": {
                    "hidden_components": [
                      "attribute_modifiers"
                    ]
                  },
                  "rarity": "epic"
                }
              }
            ]
          }
        ],
        "rolls": 1
      }
    ]
  }