{
    "criteria": {
      "expension:enchantment/parry/lv2_offhand": {
        "trigger": "minecraft:entity_hurt_player",
        "conditions": {
          "damage": {
            "blocked": true,
            "type": {
              "is_direct": true
            }
          },
          "player": {
            "equipment": {
                "offhand": {
                    "predicates": {
                        "enchantments": [
                            {
                                "enchantments": "expension:parry",
                                "levels": 2
                            }
                        ]
                    }
                }
            }
          }
        }
      }
    },
    "rewards": {
      "function": "expension:enchantment/parry/lv2_offhand"
    }
  }